{
  "mode": "leader",
  "read_latencies": [
    0.001692541,
    0.000855958,
    0.000520375,
    0.001008958,
    0.000631333,
    0.001034209,
    0.000275708,
    0.000288042,
    0.000893333,
    0.000880292,
    0.000219458,
    0.000464833,
    0.000365625,
    0.000657084,
    0.001038875,
    0.000469584,
    0.000828292,
    0.00030025,
    0.000870584,
    0.000879041,
    0.000485459,
    0.000606625,
    0.000386042,
    0.000376458,
    0.000876542,
    0.000476083,
    0.000856167,
    0.000731875,
    0.000786666,
    0.000876916,
    0.000732916,
    0.000429625,
    0.000267792,
    0.000709541,
    0.000821458,
    0.000789542,
    0.000836167,
    0.000631875,
    0.000997375,
    0.000772333,
    0.000600083,
    0.000903458,
    0.000659125,
    0.000707916,
    0.003454542,
    0.000660458,
    0.000777667,
    0.000874375,
    0.000786291,
    0.000671625,
    0.000681416,
    0.000771375,
    0.001069083,
    0.000789208,
    0.000678542,
    0.000694584,
    0.000653834,
    0.000609917
  ],
  "read_write_intervals": [
    1.5415767919999999,
    0.956784041,
    4.042598041,
    1.95748925,
    5.54408,
    4.156251333,
    1.8568363749999999,
    0.640948959,
    0.207047625,
    5.8561695,
    2.292194833,
    4.35738525,
    4.894454916,
    3.507754125,
    0.791912375,
    3.309423,
    1.391323375,
    1.707315834,
    0.790687875,
    0.458261125,
    0.994236458,
    2.458402375,
    1.642909333,
    3.956188417,
    2.308614,
    1.241374375,
    4.858377625,
    0.036445708,
    1.157160417,
    2.640820958,
    0.10701825,
    1.7947202500000001,
    0.857952959,
    1.342392833,
    0.810151583,
    4.990271375,
    2.75794125,
    7.79107925,
    3.20775875,
    1.442943958,
    1.007628625,
    1.94483125,
    1.8061351669999999,
    0.343701208,
    4.209299209,
    4.918345833,
    8.788428917,
    2.8583899170000002,
    6.291833667,
    2.408834416,
    3.206646,
    3.841267667,
    1.407741333,
    0.642158792,
    3.358971334,
    0.7424755,
    1.704587542,
    7.990646292,
    0.558085875,
    0.592839416,
    0.557246209,
    0.89217225,
    5.861636541,
    1.794156875,
    0.959881958,
    2.690322125,
    3.90726475,
    2.092110667,
    1.505754875,
    0.939848208,
    6.509159209,
    1.693591042,
    1.457514833,
    2.2418649999999998,
    0.159742667,
    1.842258917,
    0.356814,
    0.392496917,
    0.407971666,
    3.3417895,
    0.058073959,
    0.294971625,
    2.308065916,
    0.643543958,
    3.05750275,
    2.39280325,
    1.306159958,
    0.494281083,
    6.059706917,
    1.944309959,
    2.157447625,
    3.193058792,
    5.257226875,
    1.642564416,
    2.956916375,
    2.1441945000000002,
    0.957410625,
    0.391245167,
    1.159094583
  ],
  "stale_reads": null,
  "statistics": {
    "read_avg_latency": 0.0007528505344827585,
    "total_reads": 58,
    "total_stale_reads": 0,
    "total_writes": 542,
    "write_avg_latency": 1.2087592938929888
  },
  "write_latencies": [
    1.209978791,
    1.209911459,
    1.209747709,
    1.209980125,
    1.210760459,
    1.211609541,
    1.2091055,
    1.211038333,
    1.210190459,
    1.210939583,
    1.20858425,
    1.211562125,
    1.208252208,
    1.211720334,
    1.2085155,
    1.207785041,
    1.208431875,
    1.208754791,
    1.2065219169999999,
    1.208189792,
    1.2071105,
    1.20877275,
    1.207146542,
    1.209517334,
    1.207926167,
    1.2082230840000001,
    1.209010875,
    1.20923675,
    1.209408125,
    1.211412542,
    1.209566458,
    1.210058916,
    1.208095708,
    1.21196725,
    1.208782625,
    1.213275458,
    1.208938208,
    1.211203291,
    1.21035675,
    1.21091675,
    1.211695834,
    1.2104759170000001,
    1.20914,
    1.211343584,
    1.209794333,
    1.2106421250000001,
    1.206091333,
    1.204459541,
    1.207027125,
    1.205974917,
    1.205900958,
    1.210942292,
    1.204610417,
    1.2117822089999999,
    1.20532675,
    1.206853958,
    1.205690666,
    1.216329959,
    1.204558834,
    1.2216414580000001,
    1.207263667,
    1.208245708,
    1.21257325,
    1.206054125,
    1.2242695000000001,
    1.20660225,
    1.207300333,
    1.215698334,
    1.208909708,
    1.2277510839999999,
    1.210731458,
    1.207676833,
    1.214850542,
    1.206797625,
    1.207874417,
    1.206735292,
    1.207818667,
    1.2070737089999999,
    1.209258167,
    1.2072265,
    1.209131417,
    1.208392041,
    1.210475583,
    1.209098791,
    1.207964917,
    1.210414792,
    1.211687333,
    1.210874875,
    1.206196375,
    1.206605833,
    1.206516666,
    1.208407292,
    1.207391292,
    1.211954625,
    1.206927625,
    1.208406667,
    1.209569375,
    1.209972542,
    1.210951208,
    1.208155625,
    1.209385625,
    1.20927575,
    1.210727667,
    1.208020375,
    1.208298041,
    1.207597458,
    1.209725,
    1.208266,
    1.208860209,
    1.20908025,
    1.207292917,
    1.209731375,
    1.207556125,
    1.209424917,
    1.207397042,
    1.2086293750000001,
    1.2081487499999999,
    1.210754375,
    1.209014125,
    1.211546125,
    1.2080673339999999,
    1.208517834,
    1.209962833,
    1.210635417,
    1.207329708,
    1.20757425,
    1.208156875,
    1.210764709,
    1.2082047089999999,
    1.207805083,
    1.208439417,
    1.209842875,
    1.207131625,
    1.206545625,
    1.206809917,
    1.206423084,
    1.207664792,
    1.20642875,
    1.208205333,
    1.2058412920000001,
    1.205259875,
    1.206353792,
    1.206226459,
    1.207143291,
    1.2072242499999999,
    1.206549042,
    1.206637833,
    1.2083059999999999,
    1.208199375,
    1.209562417,
    1.210321291,
    1.208448625,
    1.210183333,
    1.2077574580000001,
    1.208517875,
    1.208752208,
    1.2075879170000001,
    1.210305333,
    1.208835542,
    1.209779083,
    1.206487542,
    1.209399333,
    1.206690583,
    1.211317334,
    1.207465166,
    1.207116375,
    1.206687916,
    1.206858416,
    1.207203,
    1.208318459,
    1.208205292,
    1.209213125,
    1.20919925,
    1.208997709,
    1.20939025,
    1.211561083,
    1.209913791,
    1.2082689580000001,
    1.2067745,
    1.210643834,
    1.208157917,
    1.2088235,
    1.2060175,
    1.206081166,
    1.2060682919999999,
    1.206131208,
    1.206776125,
    1.207629875,
    1.207163667,
    1.208600833,
    1.207506666,
    1.206643958,
    1.207224208,
    1.206197,
    1.20819925,
    1.206697584,
    1.207819833,
    1.207046708,
    1.208417708,
    1.208688375,
    1.209072083,
    1.206133042,
    1.206464708,
    1.2067979580000001,
    1.206214875,
    1.208847583,
    1.20641525,
    1.207063292,
    1.209261708,
    1.206689459,
    1.205477833,
    1.207135959,
    1.206041125,
    1.2100217500000001,
    1.206812959,
    1.206399125,
    1.205802791,
    1.207502417,
    1.205931917,
    1.208791792,
    1.2068335829999999,
    1.209488583,
    1.20821525,
    1.206398667,
    1.209274042,
    1.206221625,
    1.208646541,
    1.206268792,
    1.208545292,
    1.2071215419999999,
    1.210823792,
    1.207922584,
    1.208393375,
    1.2078479579999999,
    1.211724417,
    1.208712667,
    1.209255375,
    1.20985275,
    1.207832667,
    1.210786333,
    1.208167542,
    1.2083230839999999,
    1.207827916,
    1.208203459,
    1.20750075,
    1.2085584169999999,
    1.207874291,
    1.209218042,
    1.208807042,
    1.2080915,
    1.207203708,
    1.209918083,
    1.206981708,
    1.206881041,
    1.207482416,
    1.206748958,
    1.207971167,
    1.207316458,
    1.209107833,
    1.2078175,
    1.209332917,
    1.206780042,
    1.210797708,
    1.206915041,
    1.212550625,
    1.2072835,
    1.206871167,
    1.207440792,
    1.207044083,
    1.207837917,
    1.207601417,
    1.207986166,
    1.208220208,
    1.2083012499999999,
    1.20944725,
    1.208965625,
    1.210228792,
    1.209043209,
    1.209187375,
    1.207504042,
    1.211135916,
    1.207705083,
    1.208190625,
    1.2092775,
    1.208573334,
    1.211114709,
