{
  "mode": "leader",
  "read_latencies": [
    0.210650292,
    0.208464041,
    0.208163542,
    0.207632166,
    0.20687525,
    0.208364208,
    0.207057667,
    0.206731459,
    0.2058315,
    0.207802917,
    0.211648416,
    0.214797708,
    0.213337167,
    0.21203275,
    0.214807833,
    0.209162917,
    0.211874125,
    0.208313833,
    0.21044425,
    0.209989917,
    0.206967459,
    0.209341,
    0.210598958,
    0.209883583,
    0.209030333,
    0.211452208,
    0.209536708,
    0.208589416,
    0.2097605,
    0.20970825,
    0.21240275,
    0.211252833,
    0.211679583,
    0.212187042,
    0.212241583,
    0.211518834,
    0.211390625,
    0.214342875,
    0.213012583,
    0.212264542,
    0.212217125,
    0.210010583,
    0.211560792,
    0.211409458,
    0.21188225,
    0.212340625,
    0.210821833,
    0.210698708,
    0.212623625,
    0.214371667,
    0.212653958,
    0.215148584,
    0.212911667,
    0.209731542,
    0.210880667,
    0.209299417,
    0.211464708,
    0.212057083,
    0.210231167,
    0.211057625,
    0.211538,
    0.213459041,
    0.213299916,
    0.212714792
  ],
  "read_write_intervals": null,
  "stale_reads": null,
  "statistics": {
    "read_avg_latency": 0.21086763212500004,
    "total_reads": 64,
    "total_stale_reads": 0,
    "total_writes": 536,
    "write_avg_latency": 0.0007898974626865668
  },
  "write_latencies": [
    0.001876333,
    0.000110333,
    0.000104709,
    0.000465417,
    0.000560375,
    0.0014925,
    0.000488459,
    0.000353708,
    0.00029925,
    0.00037,
    0.000563167,
    0.000195167,
    0.000211416,
    0.00022025,
    0.000447625,
    0.000624042,
    0.000771125,
    0.000861375,
    0.000638958,
    0.000570666,
    0.000696166,
    0.000753125,
    0.001063708,
    0.000873042,
    0.000538542,
    0.000834958,
    0.000534166,
    0.000433542,
    0.0004545,
    0.000652791,
    0.00088775,
    0.000680875,
    0.000653208,
    0.000650375,
    0.000621958,
    0.000548167,
    0.000575417,
    0.000339125,
    0.0004445,
    0.00075725,
    0.00079275,
    0.000765875,
    0.000613792,
    0.000649125,
    0.0006515,
    0.000582,
    0.000520334,
    0.000544791,
    0.000531416,
    0.00025525,
    0.000496167,
    0.00044225,
    0.001538042,
    0.00052125,
    0.000587333,
    0.000545,
    0.000632625,
    0.000408167,
    0.000959417,
    0.0003065,
    0.000257291,
    0.0015345,
    0.00059325,
    0.000523375,
    0.00050525,
    0.000308084,
    0.000324208,
    0.000316791,
    0.000204333,
    0.000160083,
    0.000179667,
    0.000186125,
    0.000287958,
    0.000265958,
    0.000275959,
    0.000211583,
    0.000228459,
    0.000194542,
    0.001580666,
    0.00054775,
    0.000544625,
    0.000639792,
    0.000515625,
    0.00033075,
    0.000347417,
    0.000276,
    0.000244875,
    0.00031125,
    0.00026425,
    0.000250416,
    0.000230542,
    0.000685791,
    0.000643833,
    0.000668709,
    0.000269417,
    0.000246125,
    0.000245041,
    0.000264834,
    0.000278791,
    0.000298,
    0.000262833,
    0.000362417,
    0.000705125,
    0.00010975,
    0.000422084,
    0.000662416,
    0.000658208,
    0.001795792,
    0.000654791,
    0.000823,
    0.000766583,
    0.000457625,
    0.00051875,
    0.0026315,
    0.000789375,
    0.000591167,
    0.000938333,
    0.000636292,
    0.000767666,
    0.0024995,
    0.00097175,
    0.000911708,
    0.000875166,
    0.000572625,
    0.000632,
    0.000837417,
    0.000722042,
    0.000617958,
    0.000806792,
    0.000635708,
    0.000661709,
    0.000765416,
    0.000841708,
    0.000631791,
    0.0005805,
    0.00077925,
    0.000595292,
    0.00065475,
    0.000941417,
    0.000667375,
    0.002135917,
    0.000781958,
    0.000812,
    0.000638417,
    0.000727541,
    0.000755542,
    0.000799625,
    0.000853458,
    0.0007055,
    0.000794916,
    0.000859834,
    0.000498459,
    0.000433542,
    0.000622292,
    0.000401041,
    0.001167083,
    0.000310416,
    0.000487958,
    0.001132917,
    0.000973542,
    0.000529416,
    0.001066083,
    0.000649375,
    0.000754416,
    0.000744167,
    0.0016095,
    0.000830292,
    0.000713791,
    0.000970375,
    0.000396833,
    0.000555958,
    0.001636375,
    0.000754083,
    0.000806667,
    0.000612083,
    0.000760208,
    0.000625791,
    0.000842584,
    0.002614208,
    0.000900959,
    0.001792291,
    0.000533458,
    0.000640708,
    0.000617209,
    0.000697041,
    0.000611625,
    0.000826042,
    0.000932666,
    0.0018335,
    0.00061525,
    0.00059225,
    0.000942583,
    0.000772042,
    0.00081075,
    0.000842875,
    0.0008355,
    0.000767917,
    0.000820917,
    0.000834083,
    0.000545333,
    0.000720875,
    0.000907959,
    0.000799,
    0.00077925,
    0.000668125,
    0.000559625,
    0.00060675,
    0.002442458,
    0.000767083,
    0.000330917,
    0.00038525,
    0.000778167,
    0.00077675,
    0.000563375,
    0.002760375,
    0.000300417,
    0.000325875,
    0.000730875,
    0.000621542,
    0.000626666,
    0.000289583,
    0.000255791,
    0.0021345,
    0.000563833,
    0.000301792,
    0.000628209,
    0.00027125,
    0.000327917,
    0.000356292,
    0.000622125,
    0.000607041,
    0.000839209,
    0.000300833,
    0.000350958,
    0.000832042,
    0.000663458,
    0.000549542,
    0.000582459,
    0.000782916,
    0.000297583,
    0.001415333,
    0.000628459,
    0.000821292,
    0.000586625,
    0.00077825,
    0.001886625,
    0.000567083,
    0.000352541,
    0.000798084,
    0.000737458,
    0.001545708,
    0.000629583,
    0.000621125,
    0.000588834,
    0.000794291,
    0.000864584,
    0.00083025,
    0.002251084,
    0.000716541,
    0.000678209,
    0.000782375,
    0.001655917,
    0.000470583,
    0.000824,
    0.00087325,
    0.00073175,
    0.000809334,
    0.000631083,
    0.0006505,
    0.000776083,
    0.0029705,
    0.002567792,
    0.000812542,
    0.000818,
    0.000802167,
    0.002687583,
    0.00078725,
    0.002352042,
    0.000804291,
    0.00076225,
    0.00081075,
    0.000673375,
    0.000759792,
    0.000735458,
    0.000773167,
    0.000844084,
    0.000848958,
    0.000850917,
    0.000735292,
    0.00077125,
    0.000884458,
    0.000805125,
    0.000954833,
    0.000812042,
    0.000869792,
    0.000833625,
    0.00028325,
    0.000630958,
    0.000721584,
    0.00045475,
    0.000510917,
    0.00063025,
    0.000650458,
    0.0023085,
    0.000836833,
    0.000826125,
    0.000817875,
    0.001565292,
    0.003050208,
    0.000833334,
    0.000756708,
    0.002670875,
    0.000813958,
    0.000819583,
    0.001460708,
    0.00060725,
    0.000639334,
    0.0008115,
    0.000498125,
    0.000667833,
    0.000580166,
    0.000893917,
    0.000740041,
    0.000793042,
    0.00239275,
    0.002185459,
    0.000742542,
    0.001578208,
    0.000554125,
    0.000755417,
    0.002360916,
    0.000834875,
    0.000795584,
    0.001429917,
    0.000589916,
    0.000777667,
    0.00079225,
    0.001463916,
    0.000747209,
    0.000619917,
    0.000644125,
    0.000767917,
    0.0003255,
    0.00060425,
    0.000504708,
    0.000728625,
    0.000720167,
    0.000789125,
    0.000615958,
    0.000603208,
    0.001890375,
    0.000797042,
    0.001625916,
    0.0005605,
    0.000520958,
    0.000556875,
    0.001979292,
    0.000886958,
    0.000779,
    0.000585208,
    0.000817541,
    0.000685208,
    0.000831125,
    0.000780167,
    0.000704292,
    0.000644375,
    0.000690833,
    0.000835541,
    0.000619417,
    0.000648709,
    0.002538584,
    0.000710208,
    0.000797792,
    0.000952625,
    0.002611584,
    0.000929417,
    0.000767709,
    0.000717292,
    0.000265709,
    0.000741,
    0.000561542,
    0.000531917,
    0.000496917,
    0.000489583,
    0.000505375,
    0.000497334,
    0.000597916,
    0.000487667,
    0.000511083,
    0.000507709,
    0.00032875,
    0.000506209,
    0.000533125,
    0.000261125,
    0.000532334,
    0.000514875,
