{
  "mode": "leader",
  "read_latencies": [
    0.104344417,
    0.102986583,
    0.103194625,
    0.103352458,
    0.102095833,
    0.1024195,
    0.10464675,
    0.104900792,
    0.119233416,
    0.106669917,
    0.10279525,
    0.103858125,
    0.102990541,
    0.103490584,
    0.104614958,
    0.10490375,
    0.104832709,
    0.104899041,
    0.106034584,
    0.104642208,
    0.105131208,
    0.105085417,
    0.104968125,
    0.104762875,
    0.104916875,
    0.104924583,
    0.104664416,
    0.103854958,
    0.103703042,
    0.104999958,
    0.104751958,
    0.104480917,
    0.10541025,
    0.10459075,
    0.102559833,
    0.109138666,
    0.104653709,
    0.103962292,
    0.105150917,
    0.103142666,
    0.10358725,
    0.105149209,
    0.102522,
    0.102683458,
    0.102184917,
    0.102736292,
    0.102424708,
    0.102080708,
    0.103503833,
    0.102734083,
    0.102545792,
    0.102695584,
    0.102941083,
    0.102784625,
    0.103981416,
    0.10444,
    0.105089042
  ],
  "read_write_intervals": [
    0.498807084,
    0.100963416,
    3.2512105829999998,
    0.601222417,
    1.7493814159999999,
    1.300181209,
    0.503671167,
    11.644879625,
    4.1015155,
    0.449636875,
    3.099829041,
    11.44869875,
    4.250072334,
    0.900508166,
    0.200644667,
    2.348486,
    0.001754375,
    0.398163875,
    1.949329,
    0.150354,
    0.45006825,
    0.400825792,
    4.147603917,
    4.050175625,
    2.898078708,
    1.500187209,
    0.449617708,
    0.850176459,
    0.563968416,
    0.185841792,
    3.500057417,
    0.09871675,
    0.900061958,
    0.248319583,
    0.900811792,
    0.049514291,
    1.8507332920000001,
    0.150980375,
    2.398964125,
    0.2494955,
    0.650767042,
    1.95026025,
    4.449706625,
    1.6491192080000001,
    4.549992625,
    1.448069917,
    1.399674792,
    0.000198208,
    1.001231875,
    1.199188084,
    2.651862792,
    2.200123792,
    2.000185291,
    3.150695083,
    1.350131833,
    2.401621584,
    1.6009860420000002,
    1.2515201249999999,
    0.850822875,
    0.849702292,
    2.500184208,
    1.600300083,
    3.096868792,
    0.54931725,
    1.750474334,
    0.60096125,
    3.049873334,
    1.1986738749999999,
    3.449111458,
    2.998943083,
    3.6561906669999997,
    8.651861125,
    2.799804708,
    2.199574459,
    0.701539708,
    1.201552,
    3.850333584,
    0.701593958,
    1.000156708,
    1.8014979169999998,
    0.599923125,
    0.650375416,
    11.8475015,
    0.45053775,
    0.899677167,
    1.007338958,
    0.2508725,
    3.352580709,
    1.2507900410000001,
    2.600336917,
    5.84936625
  ],
  "stale_reads": null,
  "statistics": {
    "read_avg_latency": 0.10431304308771928,
    "total_reads": 57,
    "total_stale_reads": 0,
    "total_writes": 543,
    "write_avg_latency": 0.6043988352486187
  },
  "write_latencies": [
    0.604969791,
    0.604432792,
    0.603381666,
    0.603584583,
    0.602844417,
    0.602501333,
    0.602999625,
    0.603433667,
    0.602957541,
    0.603255208,
    0.603600125,
    0.603387875,
    0.603895667,
    0.603458708,
    0.602512042,
    0.603522084,
    0.603979208,
    0.60368425,
    0.605232167,
    0.60425,
    0.603945,
    0.603990833,
    0.604629875,
    0.604177042,
    0.604889708,
    0.604602208,
    0.604247666,
    0.604850042,
    0.6040585,
    0.604931917,
    0.605311541,
    0.605446458,
    0.604039833,
    0.605898834,
    0.605679667,
    0.604577458,
    0.606311667,
    0.60436625,
    0.604124,
    0.619401208,
    0.604296625,
    0.62085575,
    0.6043485,
    0.605206875,
    0.604149125,
    0.631582417,
    0.606541583,
    0.637324959,
    0.60797525,
    0.60252275,
    0.613124958,
    0.603201542,
    0.604005,
    0.604475459,
    0.603403209,
    0.60436025,
    0.603086833,
    0.604673,
    0.603902209,
    0.604706,
    0.604044625,
    0.603802,
    0.603419125,
    0.603998458,
    0.603758625,
    0.603458125,
    0.601962084,
    0.603407791,
    0.602787625,
    0.603928625,
    0.613664083,
    0.602149875,
    0.602441458,
    0.60337225,
    0.604649625,
    0.61681,
    0.603946,
    0.60455125,
    0.604056083,
    0.605612583,
    0.604578042,
    0.604335875,
    0.604793459,
    0.604636583,
    0.604971,
    0.604041125,
    0.602969417,
    0.603735417,
    0.603661625,
    0.605001667,
    0.603748042,
    0.60410775,
    0.604908,
    0.604463458,
    0.605310667,
    0.605008833,
    0.604719625,
    0.60507125,
    0.604603084,
    0.6039715,
    0.604278958,
    0.604152084,
    0.60489225,
    0.603824333,
    0.604431666,
    0.603078875,
    0.603676167,
    0.603363792,
    0.603970375,
    0.604745166,
    0.605185666,
    0.604940708,
    0.605661125,
    0.605391209,
    0.604641125,
    0.605202041,
    0.605734417,
    0.6054455,
    0.60604375,
    0.607692833,
    0.604639666,
    0.606703458,
    0.604283334,
    0.607247292,
    0.604565292,
    0.604894416,
    0.605111084,
    0.604551292,
    0.604309541,
    0.604301125,
    0.604911625,
    0.603766958,
    0.6058275,
    0.604423375,
    0.605958166,
    0.604504542,
    0.605475542,
    0.604263083,
    0.604535,
    0.605786125,
    0.604570834,
    0.60526175,
    0.60499825,
    0.605599584,
    0.60495725,
    0.605614083,
    0.604965416,
    0.605391,
    0.605630833,
    0.604922167,
    0.606278375,
    0.605845875,
    0.6065655,
    0.605220958,
    0.604187458,
    0.60601575,
    0.604795458,
    0.606009584,
    0.605029417,
    0.606231625,
    0.604522334,
    0.604818125,
    0.604923416,
    0.605022041,
    0.604627792,
    0.605854666,
    0.604551167,
    0.60385825,
    0.604084292,
    0.604717667,
    0.60483325,
    0.604912875,
    0.605418333,
    0.605768792,
    0.605574166,
    0.60427925,
    0.60496925,
    0.604616,
    0.605445375,
    0.604240834,
    0.605379875,
    0.60455875,
    0.606630458,
    0.604148541,
    0.607410958,
    0.604532375,
    0.606273125,
    0.603619875,
    0.607991792,
    0.604727583,
    0.605214,
    0.604967333,
    0.605565708,
    0.604039209,
    0.604007333,
    0.604974666,
    0.605149,
    0.606084666,
    0.60368075,
    0.605079583,
    0.603757833,
    0.605223042,
    0.60478125,
    0.60520375,
    0.605241875,
    0.604639167,
    0.6052875,
    0.605116417,
    0.605088583,
    0.604425542,
    0.606599792,
    0.604806958,
    0.604842166,
    0.605249333,
    0.604864792,
    0.60401475,
    0.603685542,
    0.604096708,
    0.604349333,
    0.603918792,
    0.603776708,
    0.604023875,
    0.604528167,
    0.604561375,
    0.60547625,
    0.60300725,
    0.604031167,
    0.60383975,
    0.604448958,
    0.604181208,
    0.603654125,
    0.604107708,
    0.603491625,
    0.603716916,
    0.603441583,
    0.604021333,
    0.602950542,
    0.603719625,
    0.604023625,
    0.603614542,
    0.604610875,
    0.604282709,
    0.605092167,
    0.603828417,
    0.605102042,
    0.604946333,
    0.605620041,
    0.605145583,
    0.605703792,
    0.604643083,
    0.605643167,
    0.604260167,
    0.605803166,
    0.60491025,
    0.606309,
    0.604658917,
    0.605313792,
    0.604225708,
    0.6060465,
    0.604796542,
    0.607640458,
    0.605319584,
    0.6039895,
    0.605014084,
    0.60409475,
    0.605505708,
    0.604272208,
    0.603298416,
    0.603372042,
    0.603137,
    0.603909792,
    0.603285459,
    0.604346625,
    0.604325541,
    0.604284209,
    0.604561959,
    0.604154,
    0.604026875,
    0.604541,
    0.604775917,
    0.604734583,
    0.603240875,
    0.604423833,
    0.604938458,
    0.606097583,
    0.603956791,
    0.603977042,
    0.604200667,
    0.604767208,
    0.604382875,
    0.604972041,
    0.605063291,
    0.604269792,
    0.605276791,
    0.604953583,
    0.604838417,
    0.605626333,
    0.605332833,
    0.605656625,
    0.604077416,
    0.6050095,
    0.6043455,
    0.605106625,
    0.605003584,
    0.605918416,
    0.605659333,
    0.608985208,
    0.604097083,
    0.60339175,
