{
  "mode": "leaderless",
  "read_latencies": [
    0.002604625,
    0.000892709,
    0.001676917,
    0.000810625,
    0.00147375,
    0.0002675,
    0.000921959,
    0.000467125,
    0.001581083,
    0.001489458,
    0.000682459,
    0.002515709,
    0.00062625,
    0.00078525,
    0.002640542,
    0.000959875,
    0.000566333,
    0.000758292,
    0.000867125,
    0.000754,
    0.001213458,
    0.002932709,
    0.000835375,
    0.000389375,
    0.001354833,
    0.000863792,
    0.000627209,
    0.000903667,
    0.000630666,
    0.000597708,
    0.002204834,
    0.000534375,
    0.003206334,
    0.001956208,
    0.000811167,
    0.000886125,
    0.000823042,
    0.000906792,
    0.000707584,
    0.001299709,
    0.000516041,
    0.000864209,
    0.000990958,
    0.000786333,
    0.000794959,
    0.000864,
    0.001578834,
    0.001502792,
    0.000546,
    0.001456542,
    0.000886083,
    0.0010855,
    0.000990875,
    0.000305875,
    0.000336583,
    0.001108,
    0.000366625,
    0.000364541,
    0.001101167,
    0.001188958,
    0.000446417,
    0.001286458,
    0.000471292,
    0.00078
  ],
  "read_write_intervals": [
    5.091266584,
    3.008215167,
    1.44063,
    0.759246,
    1.058752625,
    0.543251,
    2.054787291,
    0.696051,
    0.504013375,
    1.738255584,
    0.511448333,
    3.088845167,
    1.158408625,
    0.635994416,
    2.760344834,
    0.892837667,
    1.955639417,
    0.247335834,
    0.655466333,
    0.991327166,
    0.658722959,
    0.394593334,
    0.508584333,
    1.140119917,
    0.308857708,
    2.093709125,
    9.2088075,
    4.642031917,
    8.357751542,
    1.742452416,
    6.359109042,
    2.738950459,
    0.229998791,
    10.291651459,
    3.6107920829999998,
    1.712333583,
    4.656183667,
    2.239393459,
    0.608516583,
    3.907906416,
    1.6424612920000001,
    1.8020898330000001,
    0.361703167,
    0.262613333,
    3.039088,
    7.461720666,
    0.891654417,
    4.404792292,
    2.038293958,
    0.758309834,
    1.039560542,
    3.310377083,
    0.534385375,
    1.509690625,
    4.6410269159999995,
    3.8060632500000002,
    1.042435959,
    1.36101775,
    2.009882666,
    1.137102333,
    0.010686167,
    3.48983025,
    0.153491958,
    0.318167,
    0.557938834,
    3.14331225,
    5.409093834,
    0.093072042,
    0.558200417,
    5.335976583,
    0.213208375,
    1.526197333,
    5.920538125,
    3.838368292,
    5.5596440000000005,
    2.53824225,
    2.093111916,
    1.7922150000000001,
    1.559098,
    2.093148625,
    2.960024584,
    1.739221667,
    11.456005167,
    0.076095958,
    3.357449375,
    3.490996375,
    4.057289125,
    0.985061708,
    3.03033825,
    0.269985875,
    3.763549083,
    0.989598042,
    0.258876083,
    1.9412354170000001,
    4.456566958,
    2.092599125,
    4.509452917,
    0.904737542,
    4.004565291,
    1.290465958,
    1.509107167,
    2.257521375,
    1.538976292,
    4.762873791,
    3.057664167,
    3.458545916,
    1.9614858339999999,
    0.008605458,
    4.290213666,
    0.862758334,
    3.1376565,
    5.810023834,
    9.0387515,
    1.908854042,
    6.090930875,
    0.258016625
  ],
  "stale_reads": [
    {
      "key": "key_16",
      "expected_version": 155,
      "actual_version": 147,
      "time_since_write": 1.538977416
    },
    {
      "key": "key_24",
      "expected_version": 187,
      "actual_version": 183,
      "time_since_write": 1.039561209
    }
  ],
  "statistics": {
    "read_avg_latency": 0.0010569623437500003,
    "total_reads": 64,
    "total_stale_reads": 2,
    "total_writes": 536,
    "write_avg_latency": 1.2133694271063449
  },
  "write_latencies": [
    1.208224125,
    1.210500208,
    1.209767375,
    1.210404667,
    1.207707833,
    1.212058292,
    1.209202666,
    1.210860875,
    1.210883458,
    1.208721375,
    1.209750125,
    1.211297917,
    1.210466334,
    1.212474875,
    1.210557541,
    1.212159,
    1.212065,
    1.214747208,
    1.210959584,
    1.233125125,
    1.212567083,
    1.234858708,
    1.21368625,
    1.217770708,
    1.210526,
    1.211171166,
    1.239262,
    1.211624208,
    1.213328583,
    1.240896625,
    1.2144622919999999,
    1.242970083,
    1.209647958,
    1.214451792,
    1.210262625,
    1.242981917,
    1.208256625,
    1.243993875,
    1.207499417,
    1.207596542,
    1.212978541,
    1.207323125,
    1.2088845830000001,
    1.209693959,
    1.209808333,
    1.2078655,
    1.2080166669999999,
    1.209146958,
    1.210239584,
    1.210407041,
    1.2093180829999999,
    1.209326334,
    1.211493792,
    1.210675167,
    1.209127334,
    1.208910333,
    1.211916834,
    1.21002975,
    1.213990584,
    1.207446792,
    1.2061202500000001,
    1.205664209,
    1.218024959,
    1.2072855,
    1.208085417,
    1.20775825,
    1.208957208,
    1.207599375,
    1.2081065,
    1.2107151250000001,
    1.2095295,
    1.211546375,
    1.208314,
    1.210138167,
    1.21076075,
    1.2122410000000001,
    1.209045375,
    1.210694958,
    1.210293875,
    1.211932583,
    1.209657,
    1.211533,
    1.20677225,
    1.208145791,
    1.208615292,
    1.208821791,
    1.207579292,
    1.2099156660000001,
    1.207237458,
    1.208697167,
    1.211263417,
    1.20934675,
    1.2121473329999999,
    1.208728458,
    1.20775225,
    1.209756041,
    1.209055166,
    1.210435417,
    1.210530042,
    1.212851041,
    1.209104875,
    1.211107,
    1.213373375,
    1.211392625,
    1.2111186250000001,
    1.213101625,
    1.214699292,
    1.2084805,
    1.208134208,
    1.213621791,
    1.209856083,
    1.20927625,
    1.211499583,
    1.2098695,
    1.211210375,
    1.211056,
    1.2137167500000001,
    1.2102330000000001,
    1.211000042,
    1.215122458,
    1.213066542,
    1.217837208,
    1.211154583,
    1.209539208,
    1.211786917,
    1.2108885,
    1.211442333,
    1.210194375,
    1.2136988340000001,
    1.209333334,
    1.210057792,
    1.215488042,
    1.209264125,
    1.210572792,
    1.209485875,
    1.21178125,
    1.210602292,
    1.211273875,
    1.212398791,
    1.206780709,
    1.210151834,
    1.211926,
    1.210477917,
    1.213424958,
    1.210721,
    1.2089434159999999,
    1.21109725,
    1.2091996250000001,
    1.21047525,
    1.20919475,
    1.20903975,
    1.211059792,
    1.209905875,
    1.210286917,
    1.20984925,
    1.211865417,
    1.209915291,
    1.211076834,
    1.211510459,
    1.211695625,
    1.207418166,
    1.210686708,
    1.211592709,
    1.212770542,
    1.209140792,
    1.212668083,
    1.2098309999999999,
    1.2135581659999999,
    1.210093875,
    1.216276875,
    1.208750833,
    1.208994166,
    1.208796416,
    1.210751,
    1.209790417,
    1.211225084,
    1.207639542,
    1.211074625,
    1.211284667,
    1.211039875,
    1.213523625,
    1.211590916,
    1.207924875,
    1.212514541,
    1.213305708,
    1.213576542,
    1.216104333,
    1.208501333,
    1.210490917,
    1.20997325,
    1.210453333,
    1.210731334,
    1.2097145,
    1.211171,
    1.210439125,
    1.21419025,
    1.212241084,
    1.21248475,
    1.210021041,
    1.208005167,
    1.207792833,
    1.208531792,
    1.211589791,
    1.2093,
    1.208575083,
    1.208796667,
    1.209988375,
    1.20884525,
    1.208613958,
    1.20917225,
    1.2097750409999999,
    1.21092525,
    1.209626583,
    1.210431583,
    1.210941542,
    1.207501416,
    1.211611083,
    1.208554792,
    1.2119555,
    1.209237792,
    1.207142917,
    1.210011042,
    1.207373209,
    1.209174959,
    1.207999125,
    1.210974375,
    1.208127083,
    1.211082209,
    1.210398042,
    1.212304167,
    1.208782917,
    1.210789834,
    1.210854834,
    1.210722458,
    1.209616416,
    1.213895125,
    1.211044,
    1.211274167,
    1.213056625,
    1.212439417,
    1.210626208,
    1.211009083,
    1.220707333,
    1.209625458,
    1.222937209,
    1.211388042,
    1.210708292,
    1.212725667,
    1.223365917,
    1.213275625,
    1.2270115,
    1.210860958,
    1.227876458,
